model_type,accuracy,report,confusion_matrix,evaluation_time,samples
bilstm,0.9471848174209141,"{'H': {'precision': 0.9556849153740031, 'recall': 0.9759466703319359, 'f1-score': 0.9657095255095969, 'support': 29102.0}, 'E': {'precision': 0.9413407821229051, 'recall': 0.9195826645264847, 'f1-score': 0.9303345241961676, 'support': 18690.0}, 'C': {'precision': 0.9431332259676792, 'recall': 0.9383132130721843, 'f1-score': 0.9407170454073366, 'support': 36199.0}, 'accuracy': 0.9471848174209141, 'macro avg': {'precision': 0.9467196411548624, 'recall': 0.944614182643535, 'f1-score': 0.945587031704367, 'support': 83991.0}, 'weighted avg': {'precision': 0.9470833931242079, 'recall': 0.9471848174209141, 'f1-score': 0.9470663189544931, 'support': 83991.0}}","[[28402    34   666]
 [  121 17187  1382]
 [ 1196  1037 33966]]",6.668085098266602,83991
