model_type,accuracy,report,confusion_matrix,evaluation_time,samples
bilstm,0.9259206343536808,"{'H': {'precision': 0.9517730980579542, 'recall': 0.9582159301766202, 'f1-score': 0.9549836475402819, 'support': 29102.0}, 'E': {'precision': 0.9097355835303171, 'recall': 0.8854467629748528, 'f1-score': 0.8974268593584772, 'support': 18690.0}, 'C': {'precision': 0.9132352538286622, 'recall': 0.920854167242189, 'f1-score': 0.9170288858321871, 'support': 36199.0}, 'accuracy': 0.9259206343536808, 'macro avg': {'precision': 0.9249146451389779, 'recall': 0.9215056201312207, 'f1-score': 0.9231464642436488, 'support': 83991.0}, 'weighted avg': {'precision': 0.9258094523128425, 'recall': 0.9259206343536808, 'f1-score': 0.9258178941835026, 'support': 83991.0}}","[[27886    90  1126]
 [  100 16549  2041]
 [ 1313  1552 33334]]",3.8678996562957764,83991
