model_type,accuracy,report,confusion_matrix,evaluation_time,samples
bilstm,0.9259206343536808,"{'H': {'precision': 0.9494175249029209, 'recall': 0.9661535289670813, 'f1-score': 0.9577124171875266, 'support': 29102.0}, 'E': {'precision': 0.8841061321979334, 'recall': 0.9110219368646335, 'f1-score': 0.8973622493346334, 'support': 18690.0}, 'C': {'precision': 0.9290372184412108, 'recall': 0.901267990828476, 'f1-score': 0.9149419485108531, 'support': 36199.0}, 'accuracy': 0.9259206343536808, 'macro avg': {'precision': 0.9208536251806884, 'recall': 0.9261478188867303, 'f1-score': 0.923338871677671, 'support': 83991.0}, 'weighted avg': {'precision': 0.9261005428064623, 'recall': 0.9259206343536808, 'f1-score': 0.9258495648248035, 'support': 83991.0}}","[[28117    60   925]
 [   96 17027  1567]
 [ 1402  2172 32625]]",4.214078664779663,83991
