,precision,recall,f1-score,support
H,0.9769673704414588,0.9794515840835681,0.9782079000652047,29102.0
E,0.9583929554210237,0.9317281968967362,0.9448724905046121,18690.0
C,0.9510710874607723,0.9627890273211968,0.9568941848333424,36199.0
accuracy,0.9616506530461597,0.9616506530461597,0.9616506530461597,0.9616506530461597
macro avg,0.9621438044410849,0.9579896027671669,0.9599915251343863,83991.0
weighted avg,0.9616731679155952,0.9616506530461597,0.9616040498626157,83991.0
