model_type,accuracy,report,confusion_matrix,evaluation_time,samples
esm,0.916324368087057,"{'H': {'precision': 0.9519980757997457, 'recall': 0.9520307882619751, 'f1-score': 0.9520144317498497, 'support': 29102.0}, 'E': {'precision': 0.8895000544602985, 'recall': 0.8738897806313537, 'f1-score': 0.8816258231674403, 'support': 18690.0}, 'C': {'precision': 0.901385314570443, 'recall': 0.9095278875107047, 'f1-score': 0.9054382949467171, 'support': 36199.0}, 'accuracy': 0.916324368087057, 'macro avg': {'precision': 0.9142944816101624, 'recall': 0.9118161521346778, 'f1-score': 0.9130261832880023, 'support': 83991.0}, 'weighted avg': {'precision': 0.9162773514057773, 'recall': 0.916324368087057, 'f1-score': 0.9162775948203952, 'support': 83991.0}}","[[27706    69  1327]
 [   82 16333  2275]
 [ 1315  1960 32924]]",72.90005302429199,83991
