model_type,accuracy,report,confusion_matrix,evaluation_time,samples
esm,0.8954768963341311,"{'H': {'precision': 0.9318352059925094, 'recall': 0.9404164662222527, 'f1-score': 0.9361061704747572, 'support': 29102.0}, 'E': {'precision': 0.867805360281195, 'recall': 0.8454253611556982, 'f1-score': 0.8564691853216977, 'support': 18690.0}, 'C': {'precision': 0.8799879164034823, 'recall': 0.8851901986242714, 'f1-score': 0.8825813915055363, 'support': 36199.0}, 'accuracy': 0.8954768963341311, 'macro avg': {'precision': 0.8932094942257289, 'recall': 0.8903440086674075, 'f1-score': 0.8917189157673304, 'support': 83991.0}, 'weighted avg': {'precision': 0.8952415489080878, 'recall': 0.8954768963341311, 'f1-score': 0.8953165772276532, 'support': 83991.0}}","[[27368    93  1641]
 [  160 15801  2729]
 [ 1842  2314 32043]]",73.65789699554443,83991
